{
  "total_units": 36034,
  "occupied_units": 34379,
  "owner_occupied": 28655,
  "renter_occupied": 5724,
  "owner_housing_stock": 28862,
  "rental_housing_stock": 5946,
  "total_market_stock": 34808,
  "market_vacant_owner": 207,
  "market_vacant_rental": 222,
  "excluded_vacant": 1226,
  "owner_vacancy_rate": 0.007172060148291872,
  "rental_vacancy_rate": 0.03733602421796166,
  "geography": "Sherburne_County",
  "year": 2022,
  "normal_owner_rate": 0.010803668583864449,
  "normal_rental_rate": 0.0586867060297012,
  "baseline_years": [
    2009,
    2010,
    2011,
    2012,
    2013,
    2014,
    2015,
    2016,
    2017,
    2018,
    2019,
    2020,
    2021
  ],
  "data_points": 13,
  "owner_rate_series": [
    0.03263091681081931,
    0.03192109044308959,
    0.030388384178997897,
    0.02185161598471581,
    0.0207559972857542,
    0.008401672294581122,
    0.008900292667281401,
    0.010803668583864449,
    0.010309278350515464,
    0.010151326465149628,
    0.011558360547462664,
    0.007666751852798364,
    0.006380085765087334
  ],
  "rental_rate_series": [
    0.10751445086705202,
    0.09177415944174244,
    0.08505706134094151,
    0.06452732003469211,
    0.07861153649821337,
    0.07357307819201583,
    0.053678253839935325,
    0.052135231316725976,
    0.0586867060297012,
    0.02444641275465013,
    0.04461371055495103,
    0.037075180226570546,
    0.0456989247311828
  ],
  "owner_std_dev": 0.009512495346567456,
  "rental_std_dev": 0.02265637502776007,
  "calculation_method": "median",
  "description": "NAHB method: 2009-2021 including pandemic (Brookings Article)",
  "method_comparison": {
    "NAHB_Official": {
      "normal_owner_rate": 0.010803668583864449,
      "normal_rental_rate": 0.0586867060297012,
      "baseline_years": [
        2009,
        2010,
        2011,
        2012,
        2013,
        2014,
        2015,
        2016,
        2017,
        2018,
        2019,
        2020,
        2021
      ],
      "data_points": 13,
      "owner_rate_series": [
        0.03263091681081931,
        0.03192109044308959,
        0.030388384178997897,
        0.02185161598471581,
        0.0207559972857542,
        0.008401672294581122,
        0.008900292667281401,
        0.010803668583864449,
        0.010309278350515464,
        0.010151326465149628,
        0.011558360547462664,
        0.007666751852798364,
        0.006380085765087334
      ],
      "rental_rate_series": [
        0.10751445086705202,
        0.09177415944174244,
        0.08505706134094151,
        0.06452732003469211,
        0.07861153649821337,
        0.07357307819201583,
        0.053678253839935325,
        0.052135231316725976,
        0.0586867060297012,
        0.02444641275465013,
        0.04461371055495103,
        0.037075180226570546,
        0.0456989247311828
      ],
      "owner_std_dev": 0.009512495346567456,
      "rental_std_dev": 0.02265637502776007,
      "calculation_method": "median",
      "description": "NAHB method: 2009-2021 including pandemic (Brookings Article)"
    },
    "Zandi_Style": {
      "normal_owner_rate": 0.010309278350515464,
      "normal_rental_rate": 0.053678253839935325,
      "baseline_years": [
        2013,
        2014,
        2015,
        2016,
        2017,
        2018,
        2019
      ],
      "data_points": 7,
      "owner_rate_series": [
        0.0207559972857542,
        0.008401672294581122,
        0.008900292667281401,
        0.010803668583864449,
        0.010309278350515464,
        0.010151326465149628,
        0.011558360547462664
      ],
      "rental_rate_series": [
        0.07861153649821337,
        0.07357307819201583,
        0.053678253839935325,
        0.052135231316725976,
        0.0586867060297012,
        0.02444641275465013,
        0.04461371055495103
      ],
      "owner_std_dev": 0.0038865321842172103,
      "rental_std_dev": 0.016764448058680097,
      "calculation_method": "median",
      "description": "Zandi-style: Stable growth period excluding crises"
    },
    "Academic_Conservative": {
      "normal_owner_rate": 0.010309278350515464,
      "normal_rental_rate": 0.052135231316725976,
      "baseline_years": [
        2015,
        2016,
        2017,
        2018,
        2019
      ],
      "data_points": 5,
      "owner_rate_series": [
        0.008900292667281401,
        0.010803668583864449,
        0.010309278350515464,
        0.010151326465149628,
        0.011558360547462664
      ],
      "rental_rate_series": [
        0.053678253839935325,
        0.052135231316725976,
        0.0586867060297012,
        0.02444641275465013,
        0.04461371055495103
      ],
      "owner_std_dev": 0.0008727639520204377,
      "rental_std_dev": 0.012012434465424587,
      "calculation_method": "median",
      "description": "Academic approach: Most recent stable period only"
    }
  },
  "primary_method": "NAHB_Official",
  "target_owner_vacant": 312,
  "target_rental_vacant": 349,
  "current_owner_vacant": 207,
  "current_rental_vacant": 222,
  "owner_shortage": 105,
  "rental_shortage": 127,
  "total_shortage": 232,
  "owner_shortage_pct": 0.0036316084355725764,
  "rental_shortage_pct": 0.021350681811739543,
  "total_shortage_pct": 0.006658430151692112,
  "methodology": "NAHB_Brookings_vacancy_rate_method",
  "analysis_date": "2025-06-30T02:11:23.603811"
}