{
  "total_units": 29130,
  "occupied_units": 27453,
  "owner_occupied": 13234,
  "renter_occupied": 14219,
  "owner_housing_stock": 13327,
  "rental_housing_stock": 14956,
  "total_market_stock": 28283,
  "market_vacant_owner": 93,
  "market_vacant_rental": 737,
  "excluded_vacant": 847,
  "owner_vacancy_rate": 0.0069783146994822545,
  "rental_vacancy_rate": 0.04927788178657395,
  "geography": "St_Cloud_City_All",
  "year": 2022,
  "normal_owner_rate": 0.01696554803184761,
  "normal_rental_rate": 0.08641136037465065,
  "baseline_years": [
    2009,
    2010,
    2011,
    2012,
    2013,
    2014,
    2015,
    2016,
    2017,
    2018,
    2019,
    2020,
    2021
  ],
  "data_points": 13,
  "owner_rate_series": [
    0.02543249017850989,
    0.032578103011539544,
    0.028311779098217405,
    0.02765556253928347,
    0.025052800233049306,
    0.015025528811086798,
    0.016357769940721842,
    0.0192628545426968,
    0.01696554803184761,
    0.007097907214986097,
    0.013256440982624325,
    0.007674539900156471,
    0.005767950898469275
  ],
  "rental_rate_series": [
    0.09955886826893824,
    0.08973110628417347,
    0.1034893237110334,
    0.09689629068887207,
    0.10019616719480912,
    0.10347190497944267,
    0.08641136037465065,
    0.0677725472614511,
    0.05968150022324751,
    0.04920611144397843,
    0.04479664206107975,
    0.056433094426275136,
    0.04960817240414218
  ],
  "owner_std_dev": 0.008438385406593899,
  "rental_std_dev": 0.02229326002951687,
  "calculation_method": "median",
  "description": "NAHB method: 2009-2021 including pandemic (Brookings Article)",
  "method_comparison": {
    "NAHB_Official": {
      "normal_owner_rate": 0.01696554803184761,
      "normal_rental_rate": 0.08641136037465065,
      "baseline_years": [
        2009,
        2010,
        2011,
        2012,
        2013,
        2014,
        2015,
        2016,
        2017,
        2018,
        2019,
        2020,
        2021
      ],
      "data_points": 13,
      "owner_rate_series": [
        0.02543249017850989,
        0.032578103011539544,
        0.028311779098217405,
        0.02765556253928347,
        0.025052800233049306,
        0.015025528811086798,
        0.016357769940721842,
        0.0192628545426968,
        0.01696554803184761,
        0.007097907214986097,
        0.013256440982624325,
        0.007674539900156471,
        0.005767950898469275
      ],
      "rental_rate_series": [
        0.09955886826893824,
        0.08973110628417347,
        0.1034893237110334,
        0.09689629068887207,
        0.10019616719480912,
        0.10347190497944267,
        0.08641136037465065,
        0.0677725472614511,
        0.05968150022324751,
        0.04920611144397843,
        0.04479664206107975,
        0.056433094426275136,
        0.04960817240414218
      ],
      "owner_std_dev": 0.008438385406593899,
      "rental_std_dev": 0.02229326002951687,
      "calculation_method": "median",
      "description": "NAHB method: 2009-2021 including pandemic (Brookings Article)"
    },
    "Zandi_Style": {
      "normal_owner_rate": 0.016357769940721842,
      "normal_rental_rate": 0.0677725472614511,
      "baseline_years": [
        2013,
        2014,
        2015,
        2016,
        2017,
        2018,
        2019
      ],
      "data_points": 7,
      "owner_rate_series": [
        0.025052800233049306,
        0.015025528811086798,
        0.016357769940721842,
        0.0192628545426968,
        0.01696554803184761,
        0.007097907214986097,
        0.013256440982624325
      ],
      "rental_rate_series": [
        0.10019616719480912,
        0.10347190497944267,
        0.08641136037465065,
        0.0677725472614511,
        0.05968150022324751,
        0.04920611144397843,
        0.04479664206107975
      ],
      "owner_std_dev": 0.0050882970312088145,
      "rental_std_dev": 0.022085157401971544,
      "calculation_method": "median",
      "description": "Zandi-style: Stable growth period excluding crises"
    },
    "Academic_Conservative": {
      "normal_owner_rate": 0.016357769940721842,
      "normal_rental_rate": 0.05968150022324751,
      "baseline_years": [
        2015,
        2016,
        2017,
        2018,
        2019
      ],
      "data_points": 5,
      "owner_rate_series": [
        0.016357769940721842,
        0.0192628545426968,
        0.01696554803184761,
        0.007097907214986097,
        0.013256440982624325
      ],
      "rental_rate_series": [
        0.08641136037465065,
        0.0677725472614511,
        0.05968150022324751,
        0.04920611144397843,
        0.04479664206107975
      ],
      "owner_std_dev": 0.004207460625432907,
      "rental_std_dev": 0.014787443457247241,
      "calculation_method": "median",
      "description": "Academic approach: Most recent stable period only"
    }
  },
  "primary_method": "NAHB_Official",
  "target_owner_vacant": 226,
  "target_rental_vacant": 1292,
  "current_owner_vacant": 93,
  "current_rental_vacant": 737,
  "owner_shortage": 133,
  "rental_shortage": 555,
  "total_shortage": 688,
  "owner_shortage_pct": 0.009987233332365354,
  "rental_shortage_pct": 0.0371334785880767,
  "total_shortage_pct": 0.024342119449270172,
  "methodology": "NAHB_Brookings_vacancy_rate_method",
  "analysis_date": "2025-06-30T02:11:46.481266"
}