{
  "NAHB_Official": {
    "normal_owner_rate": 0.013457841252403187,
    "normal_rental_rate": 0.048895253682487726,
    "baseline_years": [
      2009,
      2010,
      2011,
      2012,
      2013,
      2014,
      2015,
      2016,
      2017,
      2020,
      2021
    ],
    "data_points": 11,
    "owner_rate_series": [
      0.032623849800167304,
      0.03510211524434719,
      0.021101249773591742,
      0.01722436530008074,
      0.016030603880134803,
      0.013457841252403187,
      0.007321041214750542,
      0.01065864990434545,
      0.009010632546404758,
      0.005047723935389134,
      0.004127304411629827
    ],
    "rental_rate_series": [
      0.11060161408657374,
      0.08461538461538462,
      0.09148132605958875,
      0.035837651122625214,
      0.062165500205846026,
      0.06256246252248651,
      0.048895253682487726,
      0.041559976363994486,
      0.04208915247752057,
      0.02925486146962657,
      0.038508664449501136
    ],
    "owner_std_dev": 0.009941513804688287,
    "rental_std_dev": 0.02509950515533662,
    "calculation_method": "median",
    "description": "NAHB method: 2009-2021 including pandemic (Brookings Article)"
  },
  "Zandi_Style": {
    "normal_owner_rate": 0.01065864990434545,
    "normal_rental_rate": 0.048895253682487726,
    "baseline_years": [
      2013,
      2014,
      2015,
      2016,
      2017
    ],
    "data_points": 5,
    "owner_rate_series": [
      0.016030603880134803,
      0.013457841252403187,
      0.007321041214750542,
      0.01065864990434545,
      0.009010632546404758
    ],
    "rental_rate_series": [
      0.062165500205846026,
      0.06256246252248651,
      0.048895253682487726,
      0.041559976363994486,
      0.04208915247752057
    ],
    "owner_std_dev": 0.0031151066783024674,
    "rental_std_dev": 0.00927656650620037,
    "calculation_method": "median",
    "description": "Zandi-style: Stable growth period excluding crises"
  },
  "Academic_Conservative": {
    "normal_owner_rate": 0.008996774555166917,
    "normal_rental_rate": 0.04418146084133426,
    "baseline_years": [
      2015,
      2016,
      2017
    ],
    "data_points": 3,
    "owner_rate_series": [
      0.007321041214750542,
      0.01065864990434545,
      0.009010632546404758
    ],
    "rental_rate_series": [
      0.048895253682487726,
      0.041559976363994486,
      0.04208915247752057
    ],
    "owner_std_dev": 0.0013626082768366753,
    "rental_std_dev": 0.0033401486046545784,
    "calculation_method": "mean",
    "description": "Academic approach: Most recent stable period only"
  }
}