{
  "NAHB_Official": {
    "normal_owner_rate": 0.010803668583864449,
    "normal_rental_rate": 0.0586867060297012,
    "baseline_years": [
      2009,
      2010,
      2011,
      2012,
      2013,
      2014,
      2015,
      2016,
      2017,
      2018,
      2019,
      2020,
      2021
    ],
    "data_points": 13,
    "owner_rate_series": [
      0.03263091681081931,
      0.03192109044308959,
      0.030388384178997897,
      0.02185161598471581,
      0.0207559972857542,
      0.008401672294581122,
      0.008900292667281401,
      0.010803668583864449,
      0.010309278350515464,
      0.010151326465149628,
      0.011558360547462664,
      0.007666751852798364,
      0.006380085765087334
    ],
    "rental_rate_series": [
      0.10751445086705202,
      0.09177415944174244,
      0.08505706134094151,
      0.06452732003469211,
      0.07861153649821337,
      0.07357307819201583,
      0.053678253839935325,
      0.052135231316725976,
      0.0586867060297012,
      0.02444641275465013,
      0.04461371055495103,
      0.037075180226570546,
      0.0456989247311828
    ],
    "owner_std_dev": 0.009512495346567456,
    "rental_std_dev": 0.02265637502776007,
    "calculation_method": "median",
    "description": "NAHB method: 2009-2021 including pandemic (Brookings Article)"
  },
  "Zandi_Style": {
    "normal_owner_rate": 0.010309278350515464,
    "normal_rental_rate": 0.053678253839935325,
    "baseline_years": [
      2013,
      2014,
      2015,
      2016,
      2017,
      2018,
      2019
    ],
    "data_points": 7,
    "owner_rate_series": [
      0.0207559972857542,
      0.008401672294581122,
      0.008900292667281401,
      0.010803668583864449,
      0.010309278350515464,
      0.010151326465149628,
      0.011558360547462664
    ],
    "rental_rate_series": [
      0.07861153649821337,
      0.07357307819201583,
      0.053678253839935325,
      0.052135231316725976,
      0.0586867060297012,
      0.02444641275465013,
      0.04461371055495103
    ],
    "owner_std_dev": 0.0038865321842172103,
    "rental_std_dev": 0.016764448058680097,
    "calculation_method": "median",
    "description": "Zandi-style: Stable growth period excluding crises"
  },
  "Academic_Conservative": {
    "normal_owner_rate": 0.010309278350515464,
    "normal_rental_rate": 0.052135231316725976,
    "baseline_years": [
      2015,
      2016,
      2017,
      2018,
      2019
    ],
    "data_points": 5,
    "owner_rate_series": [
      0.008900292667281401,
      0.010803668583864449,
      0.010309278350515464,
      0.010151326465149628,
      0.011558360547462664
    ],
    "rental_rate_series": [
      0.053678253839935325,
      0.052135231316725976,
      0.0586867060297012,
      0.02444641275465013,
      0.04461371055495103
    ],
    "owner_std_dev": 0.0008727639520204377,
    "rental_std_dev": 0.012012434465424587,
    "calculation_method": "median",
    "description": "Academic approach: Most recent stable period only"
  }
}