{
  "NAHB_Official": {
    "normal_owner_rate": 0.013496908583799809,
    "normal_rental_rate": 0.061987550976604425,
    "baseline_years": [
      2009,
      2010,
      2011,
      2012,
      2013,
      2014,
      2015,
      2016,
      2017,
      2018,
      2019,
      2020,
      2021
    ],
    "data_points": 13,
    "owner_rate_series": [
      0.019717709100779402,
      0.02114809345298951,
      0.019695393056475264,
      0.017111671183036137,
      0.01642502861503243,
      0.014046887009992313,
      0.013413219945883263,
      0.013496908583799809,
      0.012666268840593659,
      0.010270218290220214,
      0.010114192495921697,
      0.00791712770422374,
      0.006196924489327519
    ],
    "rental_rate_series": [
      0.0928538283062645,
      0.08327501749475158,
      0.09417902251510159,
      0.08563598995204384,
      0.08066609964635839,
      0.0786214798818915,
      0.061987550976604425,
      0.05042610683849511,
      0.04012649909643502,
      0.0376444733843399,
      0.03414769572459744,
      0.04668489676217651,
      0.0424633431085044
    ],
    "owner_std_dev": 0.0044812689921183355,
    "rental_std_dev": 0.02180566779996633,
    "calculation_method": "median",
    "description": "NAHB method: 2009-2021 including pandemic (Brookings Article)"
  },
  "Zandi_Style": {
    "normal_owner_rate": 0.013413219945883263,
    "normal_rental_rate": 0.05042610683849511,
    "baseline_years": [
      2013,
      2014,
      2015,
      2016,
      2017,
      2018,
      2019
    ],
    "data_points": 7,
    "owner_rate_series": [
      0.01642502861503243,
      0.014046887009992313,
      0.013413219945883263,
      0.013496908583799809,
      0.012666268840593659,
      0.010270218290220214,
      0.010114192495921697
    ],
    "rental_rate_series": [
      0.08066609964635839,
      0.0786214798818915,
      0.061987550976604425,
      0.05042610683849511,
      0.04012649909643502,
      0.0376444733843399,
      0.03414769572459744
    ],
    "owner_std_dev": 0.002038537996839444,
    "rental_std_dev": 0.017902319014247426,
    "calculation_method": "median",
    "description": "Zandi-style: Stable growth period excluding crises"
  },
  "Academic_Conservative": {
    "normal_owner_rate": 0.012666268840593659,
    "normal_rental_rate": 0.04012649909643502,
    "baseline_years": [
      2015,
      2016,
      2017,
      2018,
      2019
    ],
    "data_points": 5,
    "owner_rate_series": [
      0.013413219945883263,
      0.013496908583799809,
      0.012666268840593659,
      0.010270218290220214,
      0.010114192495921697
    ],
    "rental_rate_series": [
      0.061987550976604425,
      0.05042610683849511,
      0.04012649909643502,
      0.0376444733843399,
      0.03414769572459744
    ],
    "owner_std_dev": 0.001498662576929705,
    "rental_std_dev": 0.010134669770974908,
    "calculation_method": "median",
    "description": "Academic approach: Most recent stable period only"
  }
}