{
  "NAHB_Official": {
    "normal_owner_rate": 0.014270114657269073,
    "normal_rental_rate": 0.06546422556636063,
    "baseline_years": [
      2009,
      2010,
      2011,
      2012,
      2013,
      2014,
      2015,
      2016,
      2017,
      2018,
      2019,
      2020,
      2021
    ],
    "data_points": 13,
    "owner_rate_series": [
      0.016315931306499425,
      0.0174910394265233,
      0.019324133642647023,
      0.017081491447241977,
      0.016529523901450256,
      0.014203370868497215,
      0.0150703117317337,
      0.014270114657269073,
      0.013659396342806785,
      0.010812917052262432,
      0.011666788704205414,
      0.008670102596214055,
      0.0067422246924917235
    ],
    "rental_rate_series": [
      0.08684308609765189,
      0.08288721804511279,
      0.0949315228842327,
      0.0989978566877136,
      0.0858074480864939,
      0.08316372682044323,
      0.06546422556636063,
      0.052797976604489406,
      0.03958997960357722,
      0.04554714024549491,
      0.04135319363797021,
      0.051899907321594066,
      0.04360084583627027
    ],
    "owner_std_dev": 0.0035065841351766486,
    "rental_std_dev": 0.021328529169654865,
    "calculation_method": "median",
    "description": "NAHB method: 2009-2021 including pandemic (Brookings Article)"
  },
  "Zandi_Style": {
    "normal_owner_rate": 0.014203370868497215,
    "normal_rental_rate": 0.052797976604489406,
    "baseline_years": [
      2013,
      2014,
      2015,
      2016,
      2017,
      2018,
      2019
    ],
    "data_points": 7,
    "owner_rate_series": [
      0.016529523901450256,
      0.014203370868497215,
      0.0150703117317337,
      0.014270114657269073,
      0.013659396342806785,
      0.010812917052262432,
      0.011666788704205414
    ],
    "rental_rate_series": [
      0.0858074480864939,
      0.08316372682044323,
      0.06546422556636063,
      0.052797976604489406,
      0.03958997960357722,
      0.04554714024549491,
      0.04135319363797021
    ],
    "owner_std_dev": 0.001809470066083947,
    "rental_std_dev": 0.017935756613084827,
    "calculation_method": "median",
    "description": "Zandi-style: Stable growth period excluding crises"
  },
  "Academic_Conservative": {
    "normal_owner_rate": 0.013659396342806785,
    "normal_rental_rate": 0.04554714024549491,
    "baseline_years": [
      2015,
      2016,
      2017,
      2018,
      2019
    ],
    "data_points": 5,
    "owner_rate_series": [
      0.0150703117317337,
      0.014270114657269073,
      0.013659396342806785,
      0.010812917052262432,
      0.011666788704205414
    ],
    "rental_rate_series": [
      0.06546422556636063,
      0.052797976604489406,
      0.03958997960357722,
      0.04554714024549491,
      0.04135319363797021
    ],
    "owner_std_dev": 0.0016030583340212981,
    "rental_std_dev": 0.009427910393847484,
    "calculation_method": "median",
    "description": "Academic approach: Most recent stable period only"
  }
}